Title,From gas station to next gas station
elapsed_msec,gps_latitude,gps_longitude,water_temperature(℃),engine_RPM,wheel_speed(km/h),gear_position
940,-34.5082,-58.47964,65.0,1104,0.0,N
1940,-34.5082,-58.47964,65.0,1104,0.0,N
2940,-34.5082,-58.47964,65.0,1104,0.0,N
3940,-34.5082,-58.47964,65.0,1104,0.0,N
4940,-34.5082,-58.47964,65.0,1104,0.0,N
5940,-34.5082,-58.47964,65.0,1104,0.0,N
6940,-34.5082,-58.47964,65.0,1104,0.0,N
7940,-34.5082,-58.47964,65.0,1104,0.0,N
8940,-34.5082,-58.47964,66.0,1104,0.0,N
9940,-34.5082,-58.47964,66.0,1104,0.0,N
10940,-34.5082,-58.47964,66.0,1104,0.0,N
11940,-34.5082,-58.47964,66.0,1104,0.0,N
12940,-34.5082,-58.47964,66.0,1104,0.0,N
13940,-34.508183,-58.47965,67.0,1104,0.0,N
14940,-34.508167,-58.47965,67.0,1104,0.0,N
15940,-34.508152,-58.47965,67.0,1104,0.0,N
16940,-34.50814,-58.479652,67.0,1104,0.0,N
17940,-34.508133,-58.479652,67.0,1104,0.0,N
18940,-34.50813,-58.479652,67.0,1104,0.0,N
19940,-34.50812,-58.47965,68.0,1104,0.0,N
20940,-34.508118,-58.47965,68.0,1104,0.0,N
21940,-34.508114,-58.479645,68.0,1104,0.0,N
22940,-34.508118,-58.479645,68.0,1104,0.0,N
23940,-34.508125,-58.47965,68.0,1104,0.0,N
24940,-34.50813,-58.479656,68.0,1104,0.0,N
25940,-34.508137,-58.47966,69.0,1104,0.0,N
26940,-34.50815,-58.47966,69.0,1104,0.0,N
27940,-34.508163,-58.47966,69.0,1104,0.0,N
28940,-34.50817,-58.479656,69.0,1104,0.0,N
29940,-34.508175,-58.479652,69.0,1104,0.0,N
30940,-34.508175,-58.47965,69.0,1104,0.0,N
31940,-34.50818,-58.47965,70.0,1104,0.0,N
32940,-34.508183,-58.479645,70.0,1104,0.0,N
33940,-34.508186,-58.479645,70.0,1104,0.0,N
34940,-34.50819,-58.479645,70.0,1104,0.0,N
35940,-34.508194,-58.479645,70.0,1104,0.0,N
36940,-34.5082,-58.47964,70.0,1104,0.0,N
37940,-34.508205,-58.47964,71.0,1104,0.0,N
38940,-34.50821,-58.479637,71.0,1104,0.0,N
39940,-34.508217,-58.479637,71.0,1104,0.0,N
40940,-34.50822,-58.479633,71.0,1104,0.0,N
41940,-34.50823,-58.479633,71.0,1104,0.0,N
42940,-34.50823,-58.479633,71.0,1104,0.0,N
43940,-34.508213,-58.479633,72.0,1104,0.0,N
44940,-34.50821,-58.479633,72.0,1104,0.0,N
45940,-34.50821,-58.479633,72.0,1104,0.0,N
46940,-34.50821,-58.479633,73.0,1104,0.0,N
47940,-34.50821,-58.479633,73.0,1104,0.0,N
48940,-34.508213,-58.479633,73.0,1104,0.0,N
49940,-34.508213,-58.479633,73.0,1104,0.0,N
50940,-34.508217,-58.479633,73.0,1104,0.0,N
51940,-34.508224,-58.479637,73.0,1104,0.0,N
52940,-34.508236,-58.479637,74.0,1104,0.0,N
53940,-34.508244,-58.479637,74.0,1149,0.0,N
54940,-34.508293,-58.47964,74.0,1219,0.0,N
55940,-34.508293,-58.47964,74.0,1219,0.0,N
56940,-34.5083,-58.479637,74.0,1219,0.0,N
57940,-34.50831,-58.479633,74.0,1219,0.0,N
58940,-34.50832,-58.479633,75.0,1219,0.0,N
59940,-34.50833,-58.47958,75.0,1219,0.0,N
60940,-34.50833,-58.47958,75.0,1219,0.0,N
61940,-34.508335,-58.47958,75.0,1219,0.0,N
62940,-34.508335,-58.47958,75.0,1219,0.0,N
63940,-34.508335,-58.47958,75.0,1219,0.0,N
64940,-34.50833,-58.479584,76.0,1219,0.0,N
65940,-34.50833,-58.479588,76.0,1220,0.0,N
66940,-34.508327,-58.47959,76.0,1226,0.0,N
67940,-34.50832,-58.4796,76.0,1226,0.0,N
68940,-34.508316,-58.479603,76.0,1226,0.0,N
69940,-34.508305,-58.47961,76.0,1226,0.0,N
70940,-34.508297,-58.479618,77.0,1226,0.0,N
71940,-34.50828,-58.479626,77.0,1226,0.0,N
72940,-34.508274,-58.47963,77.0,1226,0.0,N
73940,-34.508266,-58.47963,77.0,1226,0.0,N
74940,-34.508255,-58.479633,77.0,1226,0.0,N
75940,-34.50825,-58.479637,77.0,1226,0.0,N
76940,-34.50824,-58.479637,78.0,1226,0.0,N
77940,-34.50824,-58.479637,78.0,1226,0.0,N
78940,-34.50824,-58.479637,78.0,1226,0.0,N
79940,-34.50824,-58.47964,78.0,1239,0.0,N
80940,-34.508244,-58.479645,78.0,1240,0.0,N
81940,-34.50825,-58.47965,79.0,1240,0.0,N
82940,-34.508255,-58.47965,79.0,1240,0.0,N
83940,-34.508263,-58.479652,79.0,1240,0.0,N
84940,-34.508266,-58.479652,79.0,1240,0.0,N
85940,-34.508274,-58.479652,80.0,1240,0.0,N
86940,-34.50828,-58.47965,80.0,1240,0.0,N
87940,-34.50828,-58.47965,80.0,1240,0.0,N
88940,-34.508286,-58.47965,80.0,1240,0.0,N
89940,-34.5083,-58.479645,80.0,1240,0.0,N
90940,-34.508305,-58.479645,80.0,1240,0.0,N
91940,-34.508305,-58.47964,80.0,1240,0.0,N
92940,-34.50831,-58.479637,80.0,1240,0.0,N
93940,-34.50831,-58.479637,81.0,1240,0.0,N
94940,-34.508312,-58.479633,81.0,1240,0.0,N
95940,-34.508312,-58.479633,81.0,1240,0.0,N
96940,-34.508316,-58.47963,81.0,1240,0.0,N
97940,-34.508316,-58.479626,82.0,1240,0.0,N
98940,-34.50832,-58.47962,82.0,1240,0.0,N
99940,-34.50832,-58.479618,82.0,1240,0.0,N
100940,-34.508316,-58.47962,82.0,1240,0.0,N
101940,-34.508305,-58.479626,82.0,1240,0.0,N
102940,-34.508293,-58.479633,82.0,1240,0.0,N
103940,-34.508278,-58.479645,82.0,1240,0.0,N
104940,-34.508266,-58.479652,82.0,1240,0.0,N
105940,-34.50826,-58.47966,83.0,1240,0.0,N
106940,-34.508247,-58.47967,83.0,1240,0.0,N
107940,-34.508236,-58.479683,83.0,1240,0.0,N
108940,-34.50823,-58.47969,83.0,1240,0.0,1
109940,-34.50822,-58.4797,83.0,1242,0.0,1
110940,-34.508217,-58.479706,83.0,1341,0.0,1
111940,-34.508213,-58.479713,84.0,1151,0.0,1
112940,-34.508213,-58.479717,84.0,1067,4.0,1
113940,-34.508213,-58.47972,84.0,945,8.0,1
114940,-34.50821,-58.479725,84.0,1174,9.0,1
115940,-34.50821,-58.47973,84.0,1251,9.0,1
116940,-34.508213,-58.479733,85.0,1251,8.0,1
117940,-34.508213,-58.479736,85.0,1120,9.0,1
118940,-34.508217,-58.47974,85.0,1085,9.0,1
119940,-34.508224,-58.479736,85.0,1209,9.0,1
120940,-34.508255,-58.479725,85.0,1243,8.0,1
121940,-34.50828,-58.479713,85.0,1250,7.0,1
122940,-34.5083,-58.479713,86.0,1257,4.0,1
123940,-34.508423,-58.479652,86.0,1257,0.0,1
124940,-34.508423,-58.479656,86.0,1257,0.0,1
125940,-34.508423,-58.47966,86.0,1010,0.0,1
126940,-34.508427,-58.47966,86.0,905,5.0,1
127940,-34.508434,-58.47966,86.0,1157,7.0,1
128940,-34.50844,-58.479652,86.0,1275,6.0,1
129940,-34.508442,-58.479637,86.0,1275,5.0,1
130940,-34.508442,-58.479614,87.0,1275,4.0,1
131940,-34.508446,-58.479588,87.0,1275,0.0,1
132940,-34.508446,-58.47957,87.0,1275,0.0,1
133940,-34.508446,-58.479553,87.0,1275,0.0,1
134940,-34.50847,-58.479473,87.0,1275,0.0,1
135940,-34.50847,-58.47946,87.0,1275,0.0,1
136940,-34.50847,-58.47946,87.0,1275,0.0,1
137940,-34.508472,-58.479454,87.0,1275,0.0,1
138940,-34.508472,-58.479454,87.0,1275,0.0,N
139940,-34.508472,-58.47945,87.0,1275,0.0,N
140940,-34.508472,-58.47945,88.0,1275,0.0,N
141940,-34.508472,-58.47945,88.0,1275,0.0,N
142940,-34.508472,-58.47945,88.0,1275,0.0,N
143940,-34.508472,-58.47945,88.0,1275,0.0,N
144940,-34.508472,-58.47945,88.0,1275,0.0,N
145940,-34.508472,-58.47945,88.0,1275,0.0,N
146940,-34.508472,-58.47945,89.0,1275,0.0,N
147940,-34.508472,-58.47945,89.0,1275,0.0,1
148940,-34.508472,-58.47945,89.0,1275,0.0,1
149940,-34.508472,-58.47945,89.0,1275,0.0,1
150940,-34.508472,-58.47945,89.0,2019,0.0,1
151940,-34.508472,-58.47945,89.0,2001,19.0,1
152940,-34.508465,-58.47945,89.0,2142,25.0,2
153940,-34.508434,-58.479446,90.0,2423,28.0,2
154940,-34.508377,-58.47945,90.0,2677,31.0,2
155940,-34.50829,-58.47946,90.0,2849,33.0,2
156940,-34.508194,-58.479485,90.0,3045,36.0,2
157940,-34.508095,-58.479515,90.0,3415,41.0,2
158940,-34.507996,-58.47955,90.0,3417,44.0,3
159940,-34.507896,-58.479588,90.0,3063,45.0,3
160940,-34.507793,-58.479633,90.0,3166,47.0,3
161940,-34.507694,-58.47969,90.0,3251,48.0,3
162940,-34.507587,-58.47975,90.0,3265,48.0,3
163940,-34.507355,-58.47985,90.0,3268,47.0,3
164940,-34.507225,-58.47989,90.0,3354,51.0,3
165940,-34.507095,-58.47993,91.0,3784,58.0,3
166940,-34.50696,-58.47997,91.0,3846,60.0,4
167940,-34.506824,-58.480007,90.0,3430,59.0,4
168940,-34.50668,-58.480053,90.0,3309,59.0,4
169940,-34.50654,-58.480103,90.0,3204,56.0,4
170940,-34.5064,-58.480156,90.0,3043,55.0,4
171940,-34.506268,-58.480213,90.0,2490,50.0,4
172940,-34.506153,-58.480267,90.0,1929,38.0,4
173940,-34.506054,-58.48031,90.0,1267,29.0,4
174940,-34.505974,-58.48034,90.0,1303,25.0,2
175940,-34.505913,-58.480354,90.0,1303,21.0,2
176940,-34.50587,-58.48037,90.0,1303,17.0,2
177940,-34.50584,-58.480385,90.0,1376,14.0,1
178940,-34.505817,-58.480404,90.0,1538,13.0,1
179940,-34.505795,-58.48042,90.0,1536,14.0,1
180940,-34.50577,-58.480434,90.0,1656,14.0,1
181940,-34.50574,-58.48045,90.0,2180,21.0,1
182940,-34.505707,-58.48047,90.0,3137,29.0,1
183940,-34.505707,-58.48047,90.0,3103,32.0,2
184940,-34.50565,-58.480488,90.0,3140,38.0,2
185940,-34.505577,-58.480507,90.0,3611,45.0,2
186940,-34.50549,-58.48053,90.0,3017,45.0,3
187940,-34.505386,-58.48056,90.0,3137,47.0,3
188940,-34.505276,-58.480606,90.0,3059,46.0,3
189940,-34.50516,-58.480648,90.0,2786,42.0,3
190940,-34.505047,-58.48069,90.0,2529,38.0,3
191940,-34.504944,-58.480736,90.0,2344,35.0,3
192940,-34.504852,-58.480778,90.0,2347,35.0,3
193940,-34.504772,-58.480812,90.0,2482,36.0,3
194940,-34.504692,-58.480843,91.0,2404,36.0,3
195940,-34.504604,-58.48087,91.0,2637,41.0,3
196940,-34.504513,-58.480896,91.0,3081,46.0,3
197940,-34.504425,-58.48092,91.0,3139,47.0,3
198940,-34.50433,-58.480957,91.0,3012,45.0,3
199940,-34.504234,-58.481,91.0,2849,43.0,3
200940,-34.50413,-58.481052,91.0,2647,40.0,3
201940,-34.504036,-58.481102,91.0,2490,37.0,3
202940,-34.50394,-58.481163,91.0,2430,35.0,3
203940,-34.503853,-58.48122,91.0,2425,37.0,3
204940,-34.50377,-58.48128,91.0,2572,37.0,3
205940,-34.503696,-58.48134,91.0,2544,38.0,3
206940,-34.50362,-58.481388,91.0,2443,36.0,3
207940,-34.503548,-58.481438,91.0,2350,35.0,3
208940,-34.503403,-58.481552,91.0,2506,37.0,3
209940,-34.503326,-58.481606,91.0,2606,38.0,3
210940,-34.503242,-58.48165,91.0,2606,38.0,3
211940,-34.50316,-58.481686,91.0,2434,36.0,3
212940,-34.503075,-58.481712,91.0,2347,35.0,3
213940,-34.502987,-58.481728,91.0,2327,35.0,3
214940,-34.502903,-58.48174,91.0,2192,32.0,3
215940,-34.50282,-58.481747,91.0,2167,31.0,3
216940,-34.502747,-58.48175,91.0,2230,32.0,3
217940,-34.502678,-58.481766,91.0,2562,38.0,3
218940,-34.502605,-58.481785,91.0,2990,43.0,3
219940,-34.502525,-58.481804,91.0,2990,43.0,3
220940,-34.502438,-58.481827,91.0,2990,43.0,3
221940,-34.502438,-58.481827,91.0,2990,43.0,3
227940,-34.501698,-58.48201,92.0,2858,50.0,4
228940,-34.501587,-58.482048,92.0,3005,53.0,4
229940,-34.50147,-58.482105,92.0,3179,55.0,4
230940,-34.50147,-58.482105,92.0,3282,57.0,4
231940,-34.501343,-58.48218,92.0,3293,57.0,4
232940,-34.50121,-58.482265,92.0,3277,55.0,4
233940,-34.501076,-58.482353,92.0,3149,55.0,4
234940,-34.500942,-58.482445,92.0,3005,54.0,4
235940,-34.500805,-58.48254,92.0,2784,50.0,4
236940,-34.50067,-58.48263,92.0,2683,46.0,4
237940,-34.50055,-58.48272,91.0,2656,46.0,4
238940,-34.50043,-58.482807,91.0,2715,48.0,4
239940,-34.50032,-58.482887,91.0,2817,48.0,4
240940,-34.500214,-58.48296,91.0,2821,50.0,4
241940,-34.500107,-58.48303,91.0,2557,47.0,4
242940,-34.5,-58.4831,91.0,2588,40.0,3
243940,-34.499897,-58.483173,91.0,1804,36.0,3
244940,-34.499798,-58.48324,91.0,2548,32.0,2
245940,-34.49971,-58.48329,91.0,2008,26.0,2
246940,-34.49964,-58.48334,91.0,1683,20.0,2
247940,-34.499584,-58.483376,91.0,1691,21.0,2
248940,-34.499542,-58.483395,91.0,2226,26.0,2
249940,-34.499504,-58.483402,91.0,2843,35.0,2
250940,-34.49947,-58.483387,91.0,3321,39.0,2
251940,-34.499443,-58.483353,91.0,3525,42.0,2
252940,-34.499413,-58.483288,91.0,3374,40.0,2
253940,-34.499374,-58.483208,91.0,3113,38.0,2
254940,-34.499294,-58.48298,91.0,2615,33.0,2
255940,-34.49927,-58.48286,91.0,2174,27.0,2
256940,-34.49925,-58.482758,91.0,1754,21.0,2
257940,-34.49923,-58.482666,91.0,1889,22.0,2
258940,-34.49921,-58.4826,91.0,2022,25.0,2
259940,-34.49919,-58.482544,91.0,2216,26.0,2
260940,-34.49916,-58.482494,91.0,2360,28.0,2
261940,-34.499123,-58.482456,91.0,2579,30.0,2
262940,-34.49908,-58.482426,91.0,2756,32.0,2
263940,-34.499027,-58.4824,91.0,2646,32.0,2
264940,-34.498966,-58.482388,91.0,2530,30.0,2
265940,-34.498898,-58.48238,91.0,2383,28.0,2
266940,-34.498825,-58.482384,91.0,2277,27.0,2
267940,-34.49875,-58.48239,91.0,2135,25.0,2
268940,-34.49868,-58.482407,91.0,2034,25.0,2
269940,-34.498604,-58.482426,91.0,2005,23.0,2
270940,-34.498535,-58.482452,91.0,1842,22.0,2
271940,-34.49847,-58.482475,91.0,1661,19.0,2
272940,-34.498413,-58.482494,91.0,1852,21.0,2
273940,-34.498363,-58.482513,91.0,2052,23.0,2
274940,-34.498314,-58.48254,91.0,2170,25.0,2
275940,-34.498272,-58.482567,91.0,2669,34.0,2
276940,-34.498234,-58.482594,92.0,3354,40.0,2
277940,-34.498203,-58.482628,92.0,3406,40.0,2
278940,-34.49818,-58.48268,92.0,2958,37.0,2
279940,-34.49818,-58.48268,92.0,2613,32.0,2
280940,-34.498173,-58.482758,92.0,2525,29.0,2
281940,-34.498177,-58.482845,92.0,2646,31.0,2
282940,-34.4982,-58.48296,92.0,2694,32.0,2
283940,-34.498245,-58.483086,92.0,2567,31.0,2
284940,-34.498302,-58.483208,92.0,2441,29.0,2
285940,-34.498367,-58.483322,92.0,2216,27.0,2
286940,-34.498432,-58.48343,92.0,1954,23.0,2
287940,-34.49849,-58.483524,92.0,1687,19.0,2
288940,-34.498543,-58.483612,92.0,1520,18.0,2
289940,-34.49859,-58.483685,92.0,1216,14.0,2
290940,-34.498627,-58.48375,92.0,1184,11.0,1
291940,-34.498665,-58.4838,92.0,1184,7.0,1
292940,-34.498695,-58.48384,92.0,1471,0.0,1
293940,-34.498726,-58.483875,92.0,1621,0.0,1
294940,-34.49874,-58.483894,92.0,1529,0.0,1
295940,-34.49875,-58.483894,92.0,1303,0.0,1
296940,-34.498745,-58.483894,92.0,1257,0.0,N
297940,-34.498745,-58.483894,92.0,1179,0.0,N
298940,-34.49874,-58.48389,93.0,1179,0.0,N
299940,-34.49874,-58.483894,93.0,1179,0.0,N
300940,-34.49874,-58.483894,93.0,1179,0.0,N
301940,-34.49874,-58.483894,93.0,1179,0.0,N
302940,-34.49874,-58.483894,93.0,1179,0.0,N
303940,-34.49874,-58.48389,93.0,1179,0.0,N
304940,-34.49874,-58.48389,93.0,1179,0.0,N
305940,-34.498745,-58.48389,93.0,1179,0.0,N
306940,-34.49874,-58.48389,93.0,1179,0.0,N
307940,-34.498745,-58.483894,93.0,1179,0.0,N
308940,-34.49874,-58.483894,94.0,1179,0.0,N
309940,-34.49874,-58.483894,94.0,1179,0.0,N
310940,-34.49874,-58.483894,94.0,1179,0.0,N
311940,-34.49874,-58.483894,94.0,1179,0.0,N
312940,-34.49874,-58.483894,94.0,1179,0.0,N
313940,-34.49874,-58.483894,95.0,1179,0.0,N
314940,-34.49874,-58.483894,95.0,1179,0.0,N
315940,-34.49874,-58.483894,95.0,1179,0.0,N
316940,-34.49874,-58.483894,95.0,1179,0.0,N
317940,-34.49874,-58.483894,96.0,1179,0.0,N
318940,-34.49874,-58.483894,96.0,1179,0.0,N
319940,-34.49874,-58.483894,96.0,1179,0.0,N
320940,-34.49874,-58.483894,96.0,1179,0.0,N
321940,-34.49874,-58.483894,96.0,1179,0.0,N
322940,-34.49874,-58.483894,96.0,1179,0.0,N
323940,-34.49874,-58.483894,97.0,1179,0.0,N
324940,-34.49874,-58.483894,97.0,1179,0.0,N
325940,-34.49874,-58.483894,97.0,1179,0.0,N
326940,-34.49874,-58.483894,97.0,1179,0.0,N
327940,-34.49874,-58.483894,97.0,1179,0.0,N
328940,-34.49874,-58.483894,97.0,1179,0.0,N
329940,-34.49874,-58.483894,98.0,1179,0.0,N
330940,-34.49874,-58.483894,98.0,1179,0.0,N
331940,-34.49874,-58.483894,98.0,1179,0.0,N
332940,-34.49874,-58.483894,98.0,1179,0.0,N
333940,-34.49874,-58.483894,98.0,1179,0.0,N
334940,-34.49874,-58.483894,98.0,1179,0.0,N
335940,-34.49874,-58.483894,99.0,1179,0.0,N
336940,-34.49874,-58.483894,99.0,1179,0.0,N
337940,-34.49874,-58.483894,99.0,1179,0.0,N
338940,-34.49874,-58.483894,99.0,1179,0.0,N
339940,-34.49874,-58.483894,99.0,1179,0.0,N
340940,-34.49874,-58.483894,99.0,1179,0.0,N
341940,-34.49874,-58.483894,100.0,1179,0.0,N
342940,-34.49874,-58.483894,100.0,1179,0.0,1
343940,-34.49874,-58.483894,100.0,1179,0.0,1
344940,-34.49874,-58.483894,100.0,1179,0.0,1
345940,-34.49874,-58.483894,100.0,1121,0.0,1
346940,-34.49874,-58.483894,101.0,1527,7.0,1
347940,-34.49874,-58.48391,101.0,2123,17.0,1
348940,-34.498745,-58.48394,101.0,2127,20.0,1
349940,-34.498745,-58.483986,101.0,1248,20.0,1
350940,-34.49875,-58.48404,101.0,1294,17.0,1
351940,-34.498756,-58.484085,101.0,1294,13.0,1
352940,-34.498764,-58.484123,101.0,1294,12.0,1
353940,-34.49876,-58.484154,101.0,1166,10.0,1
354940,-34.498764,-58.484184,101.0,1423,13.0,1
355940,-34.498756,-58.4842,101.0,1198,12.0,1
356940,-34.498753,-58.484207,101.0,1212,10.0,1
357940,-34.49875,-58.48421,101.0,1379,12.0,1
358940,-34.498737,-58.484215,100.0,1733,15.0,1
359940,-34.498726,-58.484215,100.0,1297,16.0,1
360940,-34.498714,-58.48422,100.0,1293,14.0,1
361940,-34.4987,-58.484222,100.0,1293,13.0,1
362940,-34.498688,-58.484222,99.0,1273,10.0,1
363940,-34.498672,-58.484222,99.0,1193,8.0,1
364940,-34.498657,-58.484222,99.0,1193,5.0,1
365940,-34.49865,-58.484222,99.0,1193,0.0,1
366940,-34.49865,-58.484222,98.0,1193,0.0,1
367940,-34.498642,-58.48422,98.0,1193,0.0,1
368940,-34.49864,-58.48421,98.0,1193,0.0,1
369940,-34.498634,-58.484203,98.0,1191,0.0,N
370940,-34.49863,-58.4842,97.0,1184,0.0,N
371940,-34.49863,-58.4842,97.0,1184,0.0,N
372940,-34.49863,-58.4842,97.0,1184,0.0,N
373940,-34.498657,-58.48422,97.0,1184,0.0,N
374940,-34.49866,-58.484222,97.0,1184,0.0,N
375940,-34.49866,-58.484222,97.0,1184,0.0,N
376940,-34.49866,-58.484222,97.0,1184,0.0,N
377940,-34.49866,-58.484222,97.0,1184,0.0,N
383940,-34.4987,-58.48417,97.0,1184,0.0,N
384940,-34.498714,-58.484154,97.0,1184,0.0,N
385940,-34.498726,-58.48414,97.0,1184,0.0,N
386940,-34.498737,-58.484123,97.0,0,0.0,N
387940,-34.498753,-58.48411,96.0,0,0.0,N
388940,-34.498768,-58.484097,96.0,0,0.0,N
389940,-34.498775,-58.484085,96.0,0,0.0,N
390940,-34.498783,-58.48408,96.0,0,0.0,N
391940,-34.49879,-58.484074,96.0,0,0.0,N
392940,-34.49879,-58.48407,96.0,0,0.0,N
393940,-34.49879,-58.484062,96.0,0,0.0,N
394940,-34.49879,-58.48406,96.0,0,0.0,N
395940,-34.498787,-58.484055,96.0,0,0.0,N
396940,-34.498783,-58.484047,96.0,0,0.0,N
397940,-34.498768,-58.484035,96.0,0,0.0,N
398940,-34.49876,-58.484028,96.0,0,0.0,N
399940,-34.49875,-58.48402,96.0,0,0.0,N
400940,-34.49875,-58.48402,96.0,0,0.0,N
401940,-34.49875,-58.48402,97.0,0,0.0,N
402940,-34.49873,-58.484005,97.0,0,0.0,N
403940,-34.49873,-58.484005,97.0,0,0.0,N
404940,-34.49873,-58.484005,97.0,0,0.0,N
405940,-34.49873,-58.484005,97.0,0,0.0,N
406940,-34.49873,-58.484005,97.0,0,0.0,N
407940,-34.498547,-58.484234,97.0,0,0.0,N
408940,-34.498547,-58.484234,97.0,0,0.0,N
409940,-34.498547,-58.484234,97.0,0,0.0,N
410940,-34.498547,-58.484234,97.0,0,0.0,N
411940,-34.498547,-58.484234,97.0,0,0.0,N
412940,-34.498547,-58.484234,97.0,0,0.0,N
413940,-34.49849,-58.484264,98.0,0,0.0,N
414940,-34.49849,-58.484264,98.0,0,0.0,N
415940,-34.49849,-58.484264,98.0,0,0.0,N
416940,-34.49849,-58.484264,98.0,0,0.0,N
417940,-34.49849,-58.484264,98.0,0,0.0,N
418940,-34.49852,-58.48434,98.0,0,0.0,N
419940,-34.49852,-58.48434,98.0,0,0.0,N
420940,-34.49852,-58.48434,98.0,0,0.0,N
421940,-34.49852,-58.48434,98.0,0,0.0,N
422940,-34.49852,-58.48434,98.0,0,0.0,N
423940,-34.49847,-58.48432,98.0,0,0.0,N
424940,-34.49847,-58.48432,98.0,0,0.0,N
425940,-34.498444,-58.48429,98.0,0,0.0,N
426940,-34.498306,-58.48403,98.0,0,0.0,N
427940,-34.49818,-58.483986,98.0,0,0.0,N
428940,-34.498158,-58.483955,98.0,0,0.0,N
429940,-34.49826,-58.483963,98.0,0,0.0,N
430940,-34.498257,-58.483963,98.0,0,0.0,N
431940,-34.498257,-58.484,98.0,0,0.0,N
432940,-34.498253,-58.484005,99.0,0,0.0,N
433940,-34.498253,-58.484005,99.0,0,0.0,N
434940,-34.498253,-58.484005,99.0,0,0.0,N
435940,-34.498257,-58.48401,99.0,0,0.0,N
436940,-34.498257,-58.48401,99.0,0,0.0,N
437940,-34.49824,-58.48405,99.0,0,0.0,N
438940,-34.49824,-58.484055,99.0,0,0.0,N
439940,-34.49824,-58.484066,99.0,0,0.0,N
440940,-34.49824,-58.48407,99.0,0,0.0,N
441940,-34.49824,-58.48407,99.0,0,0.0,N
442940,-34.49824,-58.484074,99.0,0,0.0,N
443940,-34.49824,-58.484074,99.0,0,0.0,N
444940,-34.49824,-58.484074,99.0,0,0.0,N
445940,-34.49824,-58.484074,99.0,0,0.0,N
446940,-34.49824,-58.484074,99.0,0,0.0,N
447940,-34.49824,-58.484074,99.0,0,0.0,N
448940,-34.49824,-58.484074,99.0,0,0.0,N
449940,-34.49824,-58.484074,99.0,0,0.0,N
450940,-34.49824,-58.484074,99.0,0,0.0,N
451940,-34.49824,-58.484074,99.0,0,0.0,N
452940,-34.49824,-58.484074,99.0,0,0.0,N
453940,-34.49824,-58.484074,99.0,0,0.0,N
454940,-34.49824,-58.484074,99.0,0,0.0,N
455940,-34.49824,-58.484074,99.0,0,0.0,N
456940,-34.49824,-58.484074,99.0,0,0.0,N
457940,-34.49824,-58.484074,99.0,0,0.0,N
458940,-34.49824,-58.484074,99.0,0,0.0,N
459940,-34.49824,-58.484074,99.0,0,0.0,N
460940,-34.498245,-58.484074,99.0,0,0.0,N
461940,-34.49825,-58.484077,99.0,0,0.0,N
462940,-34.49825,-58.484085,99.0,0,0.0,N
463940,-34.49824,-58.48413,99.0,0,0.0,N
464940,-34.49824,-58.484142,99.0,0,0.0,N
465940,-34.498238,-58.484146,99.0,0,0.0,N
466940,-34.498238,-58.48415,99.0,0,0.0,N
467940,-34.498238,-58.48415,99.0,0,0.0,N
468940,-34.498238,-58.48415,99.0,0,0.0,N
469940,-34.498238,-58.48415,99.0,0,0.0,N
